{"cameraMode":{"drawMode":0,"name":"Shaded","section":"Shading Mode"},"sceneLighting":false,"audioPlay":false,"sceneViewState":{"showFog":true,"showMaterialUpdate":true,"showSkybox":true,"showFlares":true,"showImageEffects":true,"showParticleSystems":true},"in2DMode":false,"pivot":{"x":0.0,"y":-0.009000003337860108,"z":0.04900002479553223},"rotation":{"x":-0.09655160456895828,"y":0.7504963874816895,"z":-0.11251295357942581,"w":-0.6440293788909912},"size":3.299999713897705,"orthographic":false}