{"cameraMode":{"drawMode":0,"name":"Shaded","section":"Shading Mode"},"sceneLighting":true,"audioPlay":false,"sceneViewState":{"showFog":true,"showMaterialUpdate":true,"showSkybox":true,"showFlares":true,"showImageEffects":true,"showParticleSystems":true},"in2DMode":false,"pivot":{"x":-7.074804306030273,"y":-2.326688289642334,"z":0.41838258504867556},"rotation":{"x":-0.09596920758485794,"y":0.6013192534446716,"z":-0.07306145876646042,"w":-0.7898525595664978},"size":49.13980484008789,"orthographic":false}